Song,Uri,Artist,Audio_features
Take Me To Church,7dS5EaCoMnN7DzlpT6aRn2,Hozier,"[{'danceability': 0.566, 'energy': 0.664, 'key': 4, 'loudness': -5.303, 'mode': 0, 'speechiness': 0.0464, 'acousticness': 0.634, 'instrumentalness': 0, 'liveness': 0.116, 'valence': 0.437, 'tempo': 128.945, 'type': 'audio_features', 'id': '7dS5EaCoMnN7DzlpT6aRn2', 'uri': 'spotify:track:7dS5EaCoMnN7DzlpT6aRn2', 'track_href': 'https://api.spotify.com/v1/tracks/7dS5EaCoMnN7DzlpT6aRn2', 'analysis_url': 'https://api.spotify.com/v1/audio-analysis/7dS5EaCoMnN7DzlpT6aRn2', 'duration_ms': 241688, 'time_signature': 4}]"
Cooler Than Me - Single Mix,2V4bv1fNWfTcyRJKmej6Sj,Mike Posner,"[{'danceability': 0.768, 'energy': 0.82, 'key': 7, 'loudness': -4.63, 'mode': 0, 'speechiness': 0.0474, 'acousticness': 0.179, 'instrumentalness': 0, 'liveness': 0.689, 'valence': 0.625, 'tempo': 129.965, 'type': 'audio_features', 'id': '2V4bv1fNWfTcyRJKmej6Sj', 'uri': 'spotify:track:2V4bv1fNWfTcyRJKmej6Sj', 'track_href': 'https://api.spotify.com/v1/tracks/2V4bv1fNWfTcyRJKmej6Sj', 'analysis_url': 'https://api.spotify.com/v1/audio-analysis/2V4bv1fNWfTcyRJKmej6Sj', 'duration_ms': 213293, 'time_signature': 4}]"
See You Again (feat. Kali Uchis),7KA4W4McWYRpgf0fWsJZWB,"Tyler, The Creator","[{'danceability': 0.558, 'energy': 0.559, 'key': 6, 'loudness': -9.222, 'mode': 1, 'speechiness': 0.0959, 'acousticness': 0.371, 'instrumentalness': 7.49e-06, 'liveness': 0.109, 'valence': 0.62, 'tempo': 78.558, 'type': 'audio_features', 'id': '7KA4W4McWYRpgf0fWsJZWB', 'uri': 'spotify:track:7KA4W4McWYRpgf0fWsJZWB', 'track_href': 'https://api.spotify.com/v1/tracks/7KA4W4McWYRpgf0fWsJZWB', 'analysis_url': 'https://api.spotify.com/v1/audio-analysis/7KA4W4McWYRpgf0fWsJZWB', 'duration_ms': 180387, 'time_signature': 4}]"
Pompeii,3gbBpTdY8lnQwqxNCcf795,Bastille,"[{'danceability': 0.679, 'energy': 0.715, 'key': 9, 'loudness': -6.383, 'mode': 1, 'speechiness': 0.0407, 'acousticness': 0.0755, 'instrumentalness': 0, 'liveness': 0.271, 'valence': 0.571, 'tempo': 127.435, 'type': 'audio_features', 'id': '3gbBpTdY8lnQwqxNCcf795', 'uri': 'spotify:track:3gbBpTdY8lnQwqxNCcf795', 'track_href': 'https://api.spotify.com/v1/tracks/3gbBpTdY8lnQwqxNCcf795', 'analysis_url': 'https://api.spotify.com/v1/audio-analysis/3gbBpTdY8lnQwqxNCcf795', 'duration_ms': 214148, 'time_signature': 4}]"
Hips Don't Lie (feat. Wyclef Jean),3ZFTkvIE7kyPt6Nu3PEa7V,Shakira,"[{'danceability': 0.778, 'energy': 0.824, 'key': 10, 'loudness': -5.892, 'mode': 0, 'speechiness': 0.0707, 'acousticness': 0.284, 'instrumentalness': 0, 'liveness': 0.405, 'valence': 0.758, 'tempo': 100.024, 'type': 'audio_features', 'id': '3ZFTkvIE7kyPt6Nu3PEa7V', 'uri': 'spotify:track:3ZFTkvIE7kyPt6Nu3PEa7V', 'track_href': 'https://api.spotify.com/v1/tracks/3ZFTkvIE7kyPt6Nu3PEa7V', 'analysis_url': 'https://api.spotify.com/v1/audio-analysis/3ZFTkvIE7kyPt6Nu3PEa7V', 'duration_ms': 218093, 'time_signature': 4}]"
Hall of Fame (feat. will.i.am),7wMq5n8mYSKlQIGECKUgTX,The Script,"[{'danceability': 0.421, 'energy': 0.873, 'key': 10, 'loudness': -4.343, 'mode': 1, 'speechiness': 0.0564, 'acousticness': 0.0654, 'instrumentalness': 0, 'liveness': 0.123, 'valence': 0.629, 'tempo': 84.786, 'type': 'audio_features', 'id': '7wMq5n8mYSKlQIGECKUgTX', 'uri': 'spotify:track:7wMq5n8mYSKlQIGECKUgTX', 'track_href': 'https://api.spotify.com/v1/tracks/7wMq5n8mYSKlQIGECKUgTX', 'analysis_url': 'https://api.spotify.com/v1/audio-analysis/7wMq5n8mYSKlQIGECKUgTX', 'duration_ms': 202533, 'time_signature': 4}]"
Back Where I Belong (feat. Avicii),78W8wiUIlQ2SnWY9TVowKZ,Otto Knows,"[{'danceability': 0.497, 'energy': 0.865, 'key': 0, 'loudness': -3.19, 'mode': 1, 'speechiness': 0.0644, 'acousticness': 0.0306, 'instrumentalness': 0.0679, 'liveness': 0.443, 'valence': 0.595, 'tempo': 125.96, 'type': 'audio_features', 'id': '78W8wiUIlQ2SnWY9TVowKZ', 'uri': 'spotify:track:78W8wiUIlQ2SnWY9TVowKZ', 'track_href': 'https://api.spotify.com/v1/tracks/78W8wiUIlQ2SnWY9TVowKZ', 'analysis_url': 'https://api.spotify.com/v1/audio-analysis/78W8wiUIlQ2SnWY9TVowKZ', 'duration_ms': 174203, 'time_signature': 4}]"
The Heart Wants What It Wants,2jcPoPin36hyNRSi4ZsqeB,Selena Gomez,"[{'danceability': 0.616, 'energy': 0.789, 'key': 7, 'loudness': -4.874, 'mode': 0, 'speechiness': 0.0377, 'acousticness': 0.053, 'instrumentalness': 0, 'liveness': 0.142, 'valence': 0.621, 'tempo': 83.066, 'type': 'audio_features', 'id': '2jcPoPin36hyNRSi4ZsqeB', 'uri': 'spotify:track:2jcPoPin36hyNRSi4ZsqeB', 'track_href': 'https://api.spotify.com/v1/tracks/2jcPoPin36hyNRSi4ZsqeB', 'analysis_url': 'https://api.spotify.com/v1/audio-analysis/2jcPoPin36hyNRSi4ZsqeB', 'duration_ms': 227373, 'time_signature': 4}]"
Dynamite,2CEgGE6aESpnmtfiZwYlbV,Taio Cruz,"[{'danceability': 0.751, 'energy': 0.783, 'key': 4, 'loudness': -3.724, 'mode': 1, 'speechiness': 0.0859, 'acousticness': 0.00379, 'instrumentalness': 0, 'liveness': 0.036, 'valence': 0.816, 'tempo': 119.975, 'type': 'audio_features', 'id': '2CEgGE6aESpnmtfiZwYlbV', 'uri': 'spotify:track:2CEgGE6aESpnmtfiZwYlbV', 'track_href': 'https://api.spotify.com/v1/tracks/2CEgGE6aESpnmtfiZwYlbV', 'analysis_url': 'https://api.spotify.com/v1/audio-analysis/2CEgGE6aESpnmtfiZwYlbV', 'duration_ms': 202613, 'time_signature': 4}]"
Bumpy Ride,0tBRo4P60DgKmg4jt48upm,Mohombi,"[{'danceability': 0.709, 'energy': 0.854, 'key': 0, 'loudness': -4.447, 'mode': 0, 'speechiness': 0.0399, 'acousticness': 0.047, 'instrumentalness': 0, 'liveness': 0.0724, 'valence': 0.826, 'tempo': 105.074, 'type': 'audio_features', 'id': '0tBRo4P60DgKmg4jt48upm', 'uri': 'spotify:track:0tBRo4P60DgKmg4jt48upm', 'track_href': 'https://api.spotify.com/v1/tracks/0tBRo4P60DgKmg4jt48upm', 'analysis_url': 'https://api.spotify.com/v1/audio-analysis/0tBRo4P60DgKmg4jt48upm', 'duration_ms': 224402, 'time_signature': 4}]"
Danza Kuduro (feat. Don Omar),1kAZhbcsXqfUjnVeqPywn2,Lucenzo,"[{'danceability': 0.706, 'energy': 0.89, 'key': 0, 'loudness': -6.575, 'mode': 1, 'speechiness': 0.0847, 'acousticness': 0.0855, 'instrumentalness': 0, 'liveness': 0.0465, 'valence': 0.896, 'tempo': 130.051, 'type': 'audio_features', 'id': '1kAZhbcsXqfUjnVeqPywn2', 'uri': 'spotify:track:1kAZhbcsXqfUjnVeqPywn2', 'track_href': 'https://api.spotify.com/v1/tracks/1kAZhbcsXqfUjnVeqPywn2', 'analysis_url': 'https://api.spotify.com/v1/audio-analysis/1kAZhbcsXqfUjnVeqPywn2', 'duration_ms': 202347, 'time_signature': 4}]"
Syypää sun hymyyn (feat. Yasmine Yamajako),2N2QvMYwyYHE8V4KZbbG4i,Cheek,"[{'danceability': 0.472, 'energy': 0.815, 'key': 9, 'loudness': -4.002, 'mode': 0, 'speechiness': 0.319, 'acousticness': 0.171, 'instrumentalness': 0, 'liveness': 0.265, 'valence': 0.81, 'tempo': 98.017, 'type': 'audio_features', 'id': '2N2QvMYwyYHE8V4KZbbG4i', 'uri': 'spotify:track:2N2QvMYwyYHE8V4KZbbG4i', 'track_href': 'https://api.spotify.com/v1/tracks/2N2QvMYwyYHE8V4KZbbG4i', 'analysis_url': 'https://api.spotify.com/v1/audio-analysis/2N2QvMYwyYHE8V4KZbbG4i', 'duration_ms': 230413, 'time_signature': 4}]"
Whistle,0ltBH1JNzSvQJPjJpvTu9B,Flo Rida,"[{'danceability': 0.754, 'energy': 0.933, 'key': 0, 'loudness': -5.786, 'mode': 1, 'speechiness': 0.0448, 'acousticness': 0.0199, 'instrumentalness': 0, 'liveness': 0.297, 'valence': 0.75, 'tempo': 103.992, 'type': 'audio_features', 'id': '0ltBH1JNzSvQJPjJpvTu9B', 'uri': 'spotify:track:0ltBH1JNzSvQJPjJpvTu9B', 'track_href': 'https://api.spotify.com/v1/tracks/0ltBH1JNzSvQJPjJpvTu9B', 'analysis_url': 'https://api.spotify.com/v1/audio-analysis/0ltBH1JNzSvQJPjJpvTu9B', 'duration_ms': 225000, 'time_signature': 4}]"
Girlfriend,5HbCnVLXRyZVxnreOPgJCK,Avril Lavigne,"[{'danceability': 0.56, 'energy': 0.959, 'key': 7, 'loudness': -2.433, 'mode': 1, 'speechiness': 0.102, 'acousticness': 0.000738, 'instrumentalness': 0.000206, 'liveness': 0.209, 'valence': 0.67, 'tempo': 163.983, 'type': 'audio_features', 'id': '5HbCnVLXRyZVxnreOPgJCK', 'uri': 'spotify:track:5HbCnVLXRyZVxnreOPgJCK', 'track_href': 'https://api.spotify.com/v1/tracks/5HbCnVLXRyZVxnreOPgJCK', 'analysis_url': 'https://api.spotify.com/v1/audio-analysis/5HbCnVLXRyZVxnreOPgJCK', 'duration_ms': 216600, 'time_signature': 4}]"
Baby,4NFhtFE68cXUrfbne8JE2c,Justin Bieber,"[{'danceability': 0.463, 'energy': 0.854, 'key': 8, 'loudness': -5.386, 'mode': 1, 'speechiness': 0.32, 'acousticness': 0.0428, 'instrumentalness': 0, 'liveness': 0.0922, 'valence': 0.567, 'tempo': 65.038, 'type': 'audio_features', 'id': '4NFhtFE68cXUrfbne8JE2c', 'uri': 'spotify:track:4NFhtFE68cXUrfbne8JE2c', 'track_href': 'https://api.spotify.com/v1/tracks/4NFhtFE68cXUrfbne8JE2c', 'analysis_url': 'https://api.spotify.com/v1/audio-analysis/4NFhtFE68cXUrfbne8JE2c', 'duration_ms': 216520, 'time_signature': 4}]"
I Cry,5HE3z4Ew7wZ91l3ZOpGKa4,Flo Rida,"[{'danceability': 0.693, 'energy': 0.822, 'key': 4, 'loudness': -5.441, 'mode': 0, 'speechiness': 0.0439, 'acousticness': 0.00616, 'instrumentalness': 1.79e-06, 'liveness': 0.315, 'valence': 0.763, 'tempo': 126.035, 'type': 'audio_features', 'id': '5HE3z4Ew7wZ91l3ZOpGKa4', 'uri': 'spotify:track:5HE3z4Ew7wZ91l3ZOpGKa4', 'track_href': 'https://api.spotify.com/v1/tracks/5HE3z4Ew7wZ91l3ZOpGKa4', 'analysis_url': 'https://api.spotify.com/v1/audio-analysis/5HE3z4Ew7wZ91l3ZOpGKa4', 'duration_ms': 223800, 'time_signature': 4}]"
Coconut Tree,5L9THbmMKB6ZlHlMgzaXHf,Mohombi,"[{'danceability': 0.687, 'energy': 0.855, 'key': 7, 'loudness': -5.341, 'mode': 0, 'speechiness': 0.0416, 'acousticness': 0.0486, 'instrumentalness': 0, 'liveness': 0.233, 'valence': 0.647, 'tempo': 130.029, 'type': 'audio_features', 'id': '5L9THbmMKB6ZlHlMgzaXHf', 'uri': 'spotify:track:5L9THbmMKB6ZlHlMgzaXHf', 'track_href': 'https://api.spotify.com/v1/tracks/5L9THbmMKB6ZlHlMgzaXHf', 'analysis_url': 'https://api.spotify.com/v1/audio-analysis/5L9THbmMKB6ZlHlMgzaXHf', 'duration_ms': 218373, 'time_signature': 4}]"
One Less Lonely Girl,7qUcqYzOtfZe65bednDxmz,Justin Bieber,"[{'danceability': 0.58, 'energy': 0.75, 'key': 4, 'loudness': -4.421, 'mode': 1, 'speechiness': 0.194, 'acousticness': 0.159, 'instrumentalness': 0, 'liveness': 0.274, 'valence': 0.728, 'tempo': 86.938, 'type': 'audio_features', 'id': '7qUcqYzOtfZe65bednDxmz', 'uri': 'spotify:track:7qUcqYzOtfZe65bednDxmz', 'track_href': 'https://api.spotify.com/v1/tracks/7qUcqYzOtfZe65bednDxmz', 'analysis_url': 'https://api.spotify.com/v1/audio-analysis/7qUcqYzOtfZe65bednDxmz', 'duration_ms': 229107, 'time_signature': 4}]"
Romeo ja Julia (feat. Sophie),0seHreoI3kwp38OlEgLLnT,Pikku G,"[{'danceability': 0.695, 'energy': 0.628, 'key': 11, 'loudness': -6.498, 'mode': 0, 'speechiness': 0.0442, 'acousticness': 0.0539, 'instrumentalness': 0, 'liveness': 0.32, 'valence': 0.529, 'tempo': 144.114, 'type': 'audio_features', 'id': '0seHreoI3kwp38OlEgLLnT', 'uri': 'spotify:track:0seHreoI3kwp38OlEgLLnT', 'track_href': 'https://api.spotify.com/v1/tracks/0seHreoI3kwp38OlEgLLnT', 'analysis_url': 'https://api.spotify.com/v1/audio-analysis/0seHreoI3kwp38OlEgLLnT', 'duration_ms': 236200, 'time_signature': 4}]"
Don't You Worry Child - Radio Edit,5DcPOPPUnNhyPYbTi2aWjR,Swedish House Mafia,"[{'danceability': 0.608, 'energy': 0.828, 'key': 2, 'loudness': -3.597, 'mode': 1, 'speechiness': 0.051, 'acousticness': 0.125, 'instrumentalness': 0, 'liveness': 0.113, 'valence': 0.484, 'tempo': 128.919, 'type': 'audio_features', 'id': '5DcPOPPUnNhyPYbTi2aWjR', 'uri': 'spotify:track:5DcPOPPUnNhyPYbTi2aWjR', 'track_href': 'https://api.spotify.com/v1/tracks/5DcPOPPUnNhyPYbTi2aWjR', 'analysis_url': 'https://api.spotify.com/v1/audio-analysis/5DcPOPPUnNhyPYbTi2aWjR', 'duration_ms': 212841, 'time_signature': 4}]"
Can't Hold Us (feat. Ray Dalton),3bidbhpOYeV4knp8AIu8Xn,Macklemore & Ryan Lewis,"[{'danceability': 0.641, 'energy': 0.922, 'key': 2, 'loudness': -4.457, 'mode': 1, 'speechiness': 0.0786, 'acousticness': 0.0291, 'instrumentalness': 0, 'liveness': 0.0862, 'valence': 0.847, 'tempo': 146.078, 'type': 'audio_features', 'id': '3bidbhpOYeV4knp8AIu8Xn', 'uri': 'spotify:track:3bidbhpOYeV4knp8AIu8Xn', 'track_href': 'https://api.spotify.com/v1/tracks/3bidbhpOYeV4knp8AIu8Xn', 'analysis_url': 'https://api.spotify.com/v1/audio-analysis/3bidbhpOYeV4knp8AIu8Xn', 'duration_ms': 258343, 'time_signature': 4}]"
She Wolf (Falling to Pieces) [feat. Sia],1HfPcQ3c2HyGeID3u1lmCa,David Guetta,"[{'danceability': 0.491, 'energy': 0.857, 'key': 7, 'loudness': -2.634, 'mode': 1, 'speechiness': 0.0656, 'acousticness': 0.0834, 'instrumentalness': 7.57e-06, 'liveness': 0.344, 'valence': 0.395, 'tempo': 129.971, 'type': 'audio_features', 'id': '1HfPcQ3c2HyGeID3u1lmCa', 'uri': 'spotify:track:1HfPcQ3c2HyGeID3u1lmCa', 'track_href': 'https://api.spotify.com/v1/tracks/1HfPcQ3c2HyGeID3u1lmCa', 'analysis_url': 'https://api.spotify.com/v1/audio-analysis/1HfPcQ3c2HyGeID3u1lmCa', 'duration_ms': 222500, 'time_signature': 4}]"
Radioactive,6Ep6BzIOB9tz3P4sWqiiAB,Imagine Dragons,"[{'danceability': 0.473, 'energy': 0.777, 'key': 9, 'loudness': -3.698, 'mode': 1, 'speechiness': 0.059, 'acousticness': 0.119, 'instrumentalness': 7.87e-05, 'liveness': 0.671, 'valence': 0.21, 'tempo': 136.249, 'type': 'audio_features', 'id': '6Ep6BzIOB9tz3P4sWqiiAB', 'uri': 'spotify:track:6Ep6BzIOB9tz3P4sWqiiAB', 'track_href': 'https://api.spotify.com/v1/tracks/6Ep6BzIOB9tz3P4sWqiiAB', 'analysis_url': 'https://api.spotify.com/v1/audio-analysis/6Ep6BzIOB9tz3P4sWqiiAB', 'duration_ms': 186813, 'time_signature': 4}]"
Whistle,3bC1ahPIYt1btJzSSEyyrF,Flo Rida,"[{'danceability': 0.747, 'energy': 0.937, 'key': 0, 'loudness': -5.746, 'mode': 1, 'speechiness': 0.0453, 'acousticness': 0.0208, 'instrumentalness': 0, 'liveness': 0.29, 'valence': 0.739, 'tempo': 103.976, 'type': 'audio_features', 'id': '3bC1ahPIYt1btJzSSEyyrF', 'uri': 'spotify:track:3bC1ahPIYt1btJzSSEyyrF', 'track_href': 'https://api.spotify.com/v1/tracks/3bC1ahPIYt1btJzSSEyyrF', 'analysis_url': 'https://api.spotify.com/v1/audio-analysis/3bC1ahPIYt1btJzSSEyyrF', 'duration_ms': 224653, 'time_signature': 4}]"
I Need Your Love (feat. Ellie Goulding),05SBRd4fXgn8FX7bf8BCAE,Calvin Harris,"[{'danceability': 0.695, 'energy': 0.869, 'key': 8, 'loudness': -5.066, 'mode': 1, 'speechiness': 0.0483, 'acousticness': 0.41, 'instrumentalness': 0, 'liveness': 0.237, 'valence': 0.58, 'tempo': 124.989, 'type': 'audio_features', 'id': '05SBRd4fXgn8FX7bf8BCAE', 'uri': 'spotify:track:05SBRd4fXgn8FX7bf8BCAE', 'track_href': 'https://api.spotify.com/v1/tracks/05SBRd4fXgn8FX7bf8BCAE', 'analysis_url': 'https://api.spotify.com/v1/audio-analysis/05SBRd4fXgn8FX7bf8BCAE', 'duration_ms': 234507, 'time_signature': 4}]"
Timber (feat. Ke$ha),3cHyrEgdyYRjgJKSOiOtcS,Pitbull,"[{'danceability': 0.581, 'energy': 0.963, 'key': 11, 'loudness': -4.087, 'mode': 1, 'speechiness': 0.0981, 'acousticness': 0.0295, 'instrumentalness': 0, 'liveness': 0.139, 'valence': 0.788, 'tempo': 129.992, 'type': 'audio_features', 'id': '3cHyrEgdyYRjgJKSOiOtcS', 'uri': 'spotify:track:3cHyrEgdyYRjgJKSOiOtcS', 'track_href': 'https://api.spotify.com/v1/tracks/3cHyrEgdyYRjgJKSOiOtcS', 'analysis_url': 'https://api.spotify.com/v1/audio-analysis/3cHyrEgdyYRjgJKSOiOtcS', 'duration_ms': 204160, 'time_signature': 4}]"
Scream & Shout,2iJuuzV8P9Yz0VSurttIV5,will.i.am,"[{'danceability': 0.772, 'energy': 0.685, 'key': 5, 'loudness': -6.849, 'mode': 1, 'speechiness': 0.0696, 'acousticness': 0.019, 'instrumentalness': 8.96e-05, 'liveness': 0.131, 'valence': 0.501, 'tempo': 130.033, 'type': 'audio_features', 'id': '2iJuuzV8P9Yz0VSurttIV5', 'uri': 'spotify:track:2iJuuzV8P9Yz0VSurttIV5', 'track_href': 'https://api.spotify.com/v1/tracks/2iJuuzV8P9Yz0VSurttIV5', 'analysis_url': 'https://api.spotify.com/v1/audio-analysis/2iJuuzV8P9Yz0VSurttIV5', 'duration_ms': 283400, 'time_signature': 4}]"
Wake Me Up - Radio Edit,6g1NlCpW7fgqDnWbCCDrHl,Avicii,"[{'danceability': 0.532, 'energy': 0.783, 'key': 2, 'loudness': -5.697, 'mode': 1, 'speechiness': 0.0523, 'acousticness': 0.0038, 'instrumentalness': 0.0012, 'liveness': 0.161, 'valence': 0.643, 'tempo': 124.08, 'type': 'audio_features', 'id': '6g1NlCpW7fgqDnWbCCDrHl', 'uri': 'spotify:track:6g1NlCpW7fgqDnWbCCDrHl', 'track_href': 'https://api.spotify.com/v1/tracks/6g1NlCpW7fgqDnWbCCDrHl', 'analysis_url': 'https://api.spotify.com/v1/audio-analysis/6g1NlCpW7fgqDnWbCCDrHl', 'duration_ms': 247427, 'time_signature': 4}]"
Thrift Shop (feat. Wanz),4YMqbFcDIFiCBd02PzUBcM,Macklemore & Ryan Lewis,"[{'danceability': 0.781, 'energy': 0.526, 'key': 6, 'loudness': -6.985, 'mode': 0, 'speechiness': 0.293, 'acousticness': 0.0619, 'instrumentalness': 0, 'liveness': 0.0457, 'valence': 0.662, 'tempo': 94.992, 'type': 'audio_features', 'id': '4YMqbFcDIFiCBd02PzUBcM', 'uri': 'spotify:track:4YMqbFcDIFiCBd02PzUBcM', 'track_href': 'https://api.spotify.com/v1/tracks/4YMqbFcDIFiCBd02PzUBcM', 'analysis_url': 'https://api.spotify.com/v1/audio-analysis/4YMqbFcDIFiCBd02PzUBcM', 'duration_ms': 235613, 'time_signature': 4}]"
Play Hard (feat. Ne-Yo & Akon),5YPMEOJ58kfl56VHxTgwx3,David Guetta,"[{'danceability': 0.691, 'energy': 0.921, 'key': 8, 'loudness': -1.702, 'mode': 0, 'speechiness': 0.0533, 'acousticness': 0.173, 'instrumentalness': 0, 'liveness': 0.331, 'valence': 0.8, 'tempo': 130.072, 'type': 'audio_features', 'id': '5YPMEOJ58kfl56VHxTgwx3', 'uri': 'spotify:track:5YPMEOJ58kfl56VHxTgwx3', 'track_href': 'https://api.spotify.com/v1/tracks/5YPMEOJ58kfl56VHxTgwx3', 'analysis_url': 'https://api.spotify.com/v1/audio-analysis/5YPMEOJ58kfl56VHxTgwx3', 'duration_ms': 201000, 'time_signature': 4}]"
Superheroes,37sINbJZcFdHFAsVNsPq1i,The Script,"[{'danceability': 0.49, 'energy': 0.885, 'key': 3, 'loudness': -4.121, 'mode': 1, 'speechiness': 0.0396, 'acousticness': 0.00218, 'instrumentalness': 0, 'liveness': 0.0741, 'valence': 0.64, 'tempo': 166.996, 'type': 'audio_features', 'id': '37sINbJZcFdHFAsVNsPq1i', 'uri': 'spotify:track:37sINbJZcFdHFAsVNsPq1i', 'track_href': 'https://api.spotify.com/v1/tracks/37sINbJZcFdHFAsVNsPq1i', 'analysis_url': 'https://api.spotify.com/v1/audio-analysis/37sINbJZcFdHFAsVNsPq1i', 'duration_ms': 245467, 'time_signature': 4}]"
I Cry,3zrYNl1aMdFrQkcOjKVr5u,Flo Rida,"[{'danceability': 0.693, 'energy': 0.822, 'key': 4, 'loudness': -5.441, 'mode': 0, 'speechiness': 0.0439, 'acousticness': 0.00616, 'instrumentalness': 1.79e-06, 'liveness': 0.315, 'valence': 0.763, 'tempo': 126.035, 'type': 'audio_features', 'id': '3zrYNl1aMdFrQkcOjKVr5u', 'uri': 'spotify:track:3zrYNl1aMdFrQkcOjKVr5u', 'track_href': 'https://api.spotify.com/v1/tracks/3zrYNl1aMdFrQkcOjKVr5u', 'analysis_url': 'https://api.spotify.com/v1/audio-analysis/3zrYNl1aMdFrQkcOjKVr5u', 'duration_ms': 223800, 'time_signature': 4}]"
Counting Stars,1QzFhzIOW7CyRJLpmq5CM0,OneRepublic,"[{'danceability': 0.663, 'energy': 0.705, 'key': 1, 'loudness': -4.972, 'mode': 0, 'speechiness': 0.0385, 'acousticness': 0.0654, 'instrumentalness': 0, 'liveness': 0.117, 'valence': 0.477, 'tempo': 122.014, 'type': 'audio_features', 'id': '1QzFhzIOW7CyRJLpmq5CM0', 'uri': 'spotify:track:1QzFhzIOW7CyRJLpmq5CM0', 'track_href': 'https://api.spotify.com/v1/tracks/1QzFhzIOW7CyRJLpmq5CM0', 'analysis_url': 'https://api.spotify.com/v1/audio-analysis/1QzFhzIOW7CyRJLpmq5CM0', 'duration_ms': 257387, 'time_signature': 4}]"
Gangnam Style (강남스타일),1R2SZUOGJqqBiLuvwKOT2Y,PSY,"[{'danceability': 0.727, 'energy': 0.938, 'key': 11, 'loudness': -2.872, 'mode': 0, 'speechiness': 0.288, 'acousticness': 0.00432, 'instrumentalness': 0, 'liveness': 0.0911, 'valence': 0.757, 'tempo': 132.077, 'type': 'audio_features', 'id': '1R2SZUOGJqqBiLuvwKOT2Y', 'uri': 'spotify:track:1R2SZUOGJqqBiLuvwKOT2Y', 'track_href': 'https://api.spotify.com/v1/tracks/1R2SZUOGJqqBiLuvwKOT2Y', 'analysis_url': 'https://api.spotify.com/v1/audio-analysis/1R2SZUOGJqqBiLuvwKOT2Y', 'duration_ms': 219493, 'time_signature': 4}]"
Feel This Moment (feat. Christina Aguilera),4yOn1TEcfsKHUJCL2h1r8I,Pitbull,"[{'danceability': 0.668, 'energy': 0.758, 'key': 7, 'loudness': -3.589, 'mode': 1, 'speechiness': 0.158, 'acousticness': 0.0338, 'instrumentalness': 0, 'liveness': 0.204, 'valence': 0.531, 'tempo': 135.958, 'type': 'audio_features', 'id': '4yOn1TEcfsKHUJCL2h1r8I', 'uri': 'spotify:track:4yOn1TEcfsKHUJCL2h1r8I', 'track_href': 'https://api.spotify.com/v1/tracks/4yOn1TEcfsKHUJCL2h1r8I', 'analysis_url': 'https://api.spotify.com/v1/audio-analysis/4yOn1TEcfsKHUJCL2h1r8I', 'duration_ms': 229507, 'time_signature': 4}]"
Capsize,3GBlLqIYgB8zWaeWDNJzdh,FRENSHIP,"[{'danceability': 0.681, 'energy': 0.708, 'key': 5, 'loudness': -6.019, 'mode': 0, 'speechiness': 0.0304, 'acousticness': 0.042, 'instrumentalness': 0.14, 'liveness': 0.682, 'valence': 0.356, 'tempo': 92.993, 'type': 'audio_features', 'id': '3GBlLqIYgB8zWaeWDNJzdh', 'uri': 'spotify:track:3GBlLqIYgB8zWaeWDNJzdh', 'track_href': 'https://api.spotify.com/v1/tracks/3GBlLqIYgB8zWaeWDNJzdh', 'analysis_url': 'https://api.spotify.com/v1/audio-analysis/3GBlLqIYgB8zWaeWDNJzdh', 'duration_ms': 237760, 'time_signature': 4}]"
Magical,43lwHSTEexXRVVeXZtAtfi,Tungevaag,"[{'danceability': 0.504, 'energy': 0.912, 'key': 1, 'loudness': -2.867, 'mode': 1, 'speechiness': 0.259, 'acousticness': 0.199, 'instrumentalness': 0, 'liveness': 0.105, 'valence': 0.248, 'tempo': 189.983, 'type': 'audio_features', 'id': '43lwHSTEexXRVVeXZtAtfi', 'uri': 'spotify:track:43lwHSTEexXRVVeXZtAtfi', 'track_href': 'https://api.spotify.com/v1/tracks/43lwHSTEexXRVVeXZtAtfi', 'analysis_url': 'https://api.spotify.com/v1/audio-analysis/43lwHSTEexXRVVeXZtAtfi', 'duration_ms': 218539, 'time_signature': 4}]"
Bleeding Love,6LtPIXlIzPOTF8vTecYjRe,Leona Lewis,"[{'danceability': 0.635, 'energy': 0.647, 'key': 5, 'loudness': -5.864, 'mode': 1, 'speechiness': 0.0366, 'acousticness': 0.192, 'instrumentalness': 0, 'liveness': 0.154, 'valence': 0.201, 'tempo': 104.058, 'type': 'audio_features', 'id': '6LtPIXlIzPOTF8vTecYjRe', 'uri': 'spotify:track:6LtPIXlIzPOTF8vTecYjRe', 'track_href': 'https://api.spotify.com/v1/tracks/6LtPIXlIzPOTF8vTecYjRe', 'analysis_url': 'https://api.spotify.com/v1/audio-analysis/6LtPIXlIzPOTF8vTecYjRe', 'duration_ms': 262693, 'time_signature': 4}]"
Drop That Low (When I Dip),48kF7W23OIcVBsNY5UesuQ,Tujamo,"[{'danceability': 0.579, 'energy': 0.896, 'key': 5, 'loudness': -4.132, 'mode': 0, 'speechiness': 0.373, 'acousticness': 0.00945, 'instrumentalness': 0.836, 'liveness': 0.121, 'valence': 0.103, 'tempo': 125.672, 'type': 'audio_features', 'id': '48kF7W23OIcVBsNY5UesuQ', 'uri': 'spotify:track:48kF7W23OIcVBsNY5UesuQ', 'track_href': 'https://api.spotify.com/v1/tracks/48kF7W23OIcVBsNY5UesuQ', 'analysis_url': 'https://api.spotify.com/v1/audio-analysis/48kF7W23OIcVBsNY5UesuQ', 'duration_ms': 160000, 'time_signature': 4}]"
Perfect Strangers,1CUVN2kn7mW5FjkqXTR2W1,Jonas Blue,"[{'danceability': 0.742, 'energy': 0.819, 'key': 1, 'loudness': -5.307, 'mode': 1, 'speechiness': 0.0487, 'acousticness': 0.372, 'instrumentalness': 0, 'liveness': 0.277, 'valence': 0.709, 'tempo': 117.986, 'type': 'audio_features', 'id': '1CUVN2kn7mW5FjkqXTR2W1', 'uri': 'spotify:track:1CUVN2kn7mW5FjkqXTR2W1', 'track_href': 'https://api.spotify.com/v1/tracks/1CUVN2kn7mW5FjkqXTR2W1', 'analysis_url': 'https://api.spotify.com/v1/audio-analysis/1CUVN2kn7mW5FjkqXTR2W1', 'duration_ms': 196613, 'time_signature': 4}]"
Thinking About You,3eBwnjEe60kDJAMlFg1ewf,Axwell /\ Ingrosso,"[{'danceability': 0.69, 'energy': 0.811, 'key': 8, 'loudness': -5.475, 'mode': 1, 'speechiness': 0.058, 'acousticness': 0.044, 'instrumentalness': 0, 'liveness': 0.205, 'valence': 0.521, 'tempo': 122.001, 'type': 'audio_features', 'id': '3eBwnjEe60kDJAMlFg1ewf', 'uri': 'spotify:track:3eBwnjEe60kDJAMlFg1ewf', 'track_href': 'https://api.spotify.com/v1/tracks/3eBwnjEe60kDJAMlFg1ewf', 'analysis_url': 'https://api.spotify.com/v1/audio-analysis/3eBwnjEe60kDJAMlFg1ewf', 'duration_ms': 204590, 'time_signature': 4}]"
Please Don't Go,3cNjgVBKTJ1SvKhunrCdVy,Joel Adams,"[{'danceability': 0.513, 'energy': 0.768, 'key': 4, 'loudness': -4.868, 'mode': 0, 'speechiness': 0.0587, 'acousticness': 0.0118, 'instrumentalness': 1.94e-05, 'liveness': 0.294, 'valence': 0.235, 'tempo': 84.264, 'type': 'audio_features', 'id': '3cNjgVBKTJ1SvKhunrCdVy', 'uri': 'spotify:track:3cNjgVBKTJ1SvKhunrCdVy', 'track_href': 'https://api.spotify.com/v1/tracks/3cNjgVBKTJ1SvKhunrCdVy', 'analysis_url': 'https://api.spotify.com/v1/audio-analysis/3cNjgVBKTJ1SvKhunrCdVy', 'duration_ms': 210580, 'time_signature': 4}]"
Lions in the Wild,6F1kPSgdnlSzZRfskE9vaV,Martin Garrix,"[{'danceability': 0.504, 'energy': 0.847, 'key': 7, 'loudness': -6.81, 'mode': 0, 'speechiness': 0.0442, 'acousticness': 0.00434, 'instrumentalness': 0, 'liveness': 0.816, 'valence': 0.28, 'tempo': 127.854, 'type': 'audio_features', 'id': '6F1kPSgdnlSzZRfskE9vaV', 'uri': 'spotify:track:6F1kPSgdnlSzZRfskE9vaV', 'track_href': 'https://api.spotify.com/v1/tracks/6F1kPSgdnlSzZRfskE9vaV', 'analysis_url': 'https://api.spotify.com/v1/audio-analysis/6F1kPSgdnlSzZRfskE9vaV', 'duration_ms': 211890, 'time_signature': 4}]"
Never Be Like You,12REd1n8PeiHHWOh066tpr,Flume,"[{'danceability': 0.494, 'energy': 0.559, 'key': 0, 'loudness': -5.445, 'mode': 1, 'speechiness': 0.0565, 'acousticness': 0.436, 'instrumentalness': 0, 'liveness': 0.164, 'valence': 0.264, 'tempo': 119.247, 'type': 'audio_features', 'id': '12REd1n8PeiHHWOh066tpr', 'uri': 'spotify:track:12REd1n8PeiHHWOh066tpr', 'track_href': 'https://api.spotify.com/v1/tracks/12REd1n8PeiHHWOh066tpr', 'analysis_url': 'https://api.spotify.com/v1/audio-analysis/12REd1n8PeiHHWOh066tpr', 'duration_ms': 233337, 'time_signature': 4}]"
Treat You Better,53B2XmmjJ9rriW1qciMBeX,Shawn Mendes,"[{'danceability': 0.45, 'energy': 0.825, 'key': 10, 'loudness': -4.066, 'mode': 0, 'speechiness': 0.372, 'acousticness': 0.121, 'instrumentalness': 0, 'liveness': 0.109, 'valence': 0.742, 'tempo': 82.823, 'type': 'audio_features', 'id': '53B2XmmjJ9rriW1qciMBeX', 'uri': 'spotify:track:53B2XmmjJ9rriW1qciMBeX', 'track_href': 'https://api.spotify.com/v1/tracks/53B2XmmjJ9rriW1qciMBeX', 'analysis_url': 'https://api.spotify.com/v1/audio-analysis/53B2XmmjJ9rriW1qciMBeX', 'duration_ms': 187973, 'time_signature': 4}]"
Heathens,6i0V12jOa3mr6uu4WYhUBr,Twenty One Pilots,"[{'danceability': 0.732, 'energy': 0.396, 'key': 4, 'loudness': -9.348, 'mode': 0, 'speechiness': 0.0286, 'acousticness': 0.0841, 'instrumentalness': 3.58e-05, 'liveness': 0.105, 'valence': 0.548, 'tempo': 90.024, 'type': 'audio_features', 'id': '6i0V12jOa3mr6uu4WYhUBr', 'uri': 'spotify:track:6i0V12jOa3mr6uu4WYhUBr', 'track_href': 'https://api.spotify.com/v1/tracks/6i0V12jOa3mr6uu4WYhUBr', 'analysis_url': 'https://api.spotify.com/v1/audio-analysis/6i0V12jOa3mr6uu4WYhUBr', 'duration_ms': 195920, 'time_signature': 4}]"
Send My Love (To Your New Lover),3KZcrZ36LW9RnChK1iIkth,Adele,"[{'danceability': 0.688, 'energy': 0.532, 'key': 6, 'loudness': -8.361, 'mode': 0, 'speechiness': 0.0875, 'acousticness': 0.0356, 'instrumentalness': 3.08e-06, 'liveness': 0.172, 'valence': 0.565, 'tempo': 164.068, 'type': 'audio_features', 'id': '3KZcrZ36LW9RnChK1iIkth', 'uri': 'spotify:track:3KZcrZ36LW9RnChK1iIkth', 'track_href': 'https://api.spotify.com/v1/tracks/3KZcrZ36LW9RnChK1iIkth', 'analysis_url': 'https://api.spotify.com/v1/audio-analysis/3KZcrZ36LW9RnChK1iIkth', 'duration_ms': 223079, 'time_signature': 4}]"
When We Were Young,0cj2joJcY6b4XSRfj2eZOl,Adele,"[{'danceability': 0.377, 'energy': 0.595, 'key': 3, 'loudness': -5.936, 'mode': 1, 'speechiness': 0.0489, 'acousticness': 0.303, 'instrumentalness': 0, 'liveness': 0.095, 'valence': 0.264, 'tempo': 144.464, 'type': 'audio_features', 'id': '0cj2joJcY6b4XSRfj2eZOl', 'uri': 'spotify:track:0cj2joJcY6b4XSRfj2eZOl', 'track_href': 'https://api.spotify.com/v1/tracks/0cj2joJcY6b4XSRfj2eZOl', 'analysis_url': 'https://api.spotify.com/v1/audio-analysis/0cj2joJcY6b4XSRfj2eZOl', 'duration_ms': 290900, 'time_signature': 4}]"
Someone Like You,6QPKYGnAW9QozVz2dSWqRg,Adele,"[{'danceability': 0.554, 'energy': 0.321, 'key': 9, 'loudness': -8.251, 'mode': 1, 'speechiness': 0.028, 'acousticness': 0.893, 'instrumentalness': 0, 'liveness': 0.0996, 'valence': 0.288, 'tempo': 135.047, 'type': 'audio_features', 'id': '6QPKYGnAW9QozVz2dSWqRg', 'uri': 'spotify:track:6QPKYGnAW9QozVz2dSWqRg', 'track_href': 'https://api.spotify.com/v1/tracks/6QPKYGnAW9QozVz2dSWqRg', 'analysis_url': 'https://api.spotify.com/v1/audio-analysis/6QPKYGnAW9QozVz2dSWqRg', 'duration_ms': 285240, 'time_signature': 4}]"
Set Fire to the Rain,5PKWUDfQFtc5qqo8cs1gQp,Adele,"[{'danceability': 0.603, 'energy': 0.67, 'key': 2, 'loudness': -3.882, 'mode': 0, 'speechiness': 0.0249, 'acousticness': 0.00408, 'instrumentalness': 1.66e-06, 'liveness': 0.112, 'valence': 0.445, 'tempo': 107.995, 'type': 'audio_features', 'id': '5PKWUDfQFtc5qqo8cs1gQp', 'uri': 'spotify:track:5PKWUDfQFtc5qqo8cs1gQp', 'track_href': 'https://api.spotify.com/v1/tracks/5PKWUDfQFtc5qqo8cs1gQp', 'analysis_url': 'https://api.spotify.com/v1/audio-analysis/5PKWUDfQFtc5qqo8cs1gQp', 'duration_ms': 242974, 'time_signature': 4}]"
Apologize,1NrJYpdAi7uosDRPmSYrsG,OneRepublic,"[{'danceability': 0.593, 'energy': 0.74, 'key': 8, 'loudness': -6.12, 'mode': 1, 'speechiness': 0.0339, 'acousticness': 0.363, 'instrumentalness': 2.22e-05, 'liveness': 0.102, 'valence': 0.502, 'tempo': 118.008, 'type': 'audio_features', 'id': '1NrJYpdAi7uosDRPmSYrsG', 'uri': 'spotify:track:1NrJYpdAi7uosDRPmSYrsG', 'track_href': 'https://api.spotify.com/v1/tracks/1NrJYpdAi7uosDRPmSYrsG', 'analysis_url': 'https://api.spotify.com/v1/audio-analysis/1NrJYpdAi7uosDRPmSYrsG', 'duration_ms': 208107, 'time_signature': 4}]"
Onnelliseksi,6hvNLxrHBdR1qzdrKasCPE,Juju,"[{'danceability': 0.645, 'energy': 0.434, 'key': 0, 'loudness': -7.791, 'mode': 1, 'speechiness': 0.0399, 'acousticness': 0.00187, 'instrumentalness': 0.00226, 'liveness': 0.124, 'valence': 0.249, 'tempo': 100.01, 'type': 'audio_features', 'id': '6hvNLxrHBdR1qzdrKasCPE', 'uri': 'spotify:track:6hvNLxrHBdR1qzdrKasCPE', 'track_href': 'https://api.spotify.com/v1/tracks/6hvNLxrHBdR1qzdrKasCPE', 'analysis_url': 'https://api.spotify.com/v1/audio-analysis/6hvNLxrHBdR1qzdrKasCPE', 'duration_ms': 213013, 'time_signature': 4}]"
I See Fire,5pY3ovFxbvAg7reGZjJQSp,Ed Sheeran,"[{'danceability': 0.641, 'energy': 0.176, 'key': 6, 'loudness': -11.692, 'mode': 1, 'speechiness': 0.0349, 'acousticness': 0.638, 'instrumentalness': 5.14e-06, 'liveness': 0.252, 'valence': 0.297, 'tempo': 76.031, 'type': 'audio_features', 'id': '5pY3ovFxbvAg7reGZjJQSp', 'uri': 'spotify:track:5pY3ovFxbvAg7reGZjJQSp', 'track_href': 'https://api.spotify.com/v1/tracks/5pY3ovFxbvAg7reGZjJQSp', 'analysis_url': 'https://api.spotify.com/v1/audio-analysis/5pY3ovFxbvAg7reGZjJQSp', 'duration_ms': 299147, 'time_signature': 4}]"
Chasing Cars,11bD1JtSjlIgKgZG2134DZ,Snow Patrol,"[{'danceability': 0.563, 'energy': 0.592, 'key': 9, 'loudness': -4.571, 'mode': 1, 'speechiness': 0.0276, 'acousticness': 0.209, 'instrumentalness': 5.08e-05, 'liveness': 0.132, 'valence': 0.136, 'tempo': 104.016, 'type': 'audio_features', 'id': '11bD1JtSjlIgKgZG2134DZ', 'uri': 'spotify:track:11bD1JtSjlIgKgZG2134DZ', 'track_href': 'https://api.spotify.com/v1/tracks/11bD1JtSjlIgKgZG2134DZ', 'analysis_url': 'https://api.spotify.com/v1/audio-analysis/11bD1JtSjlIgKgZG2134DZ', 'duration_ms': 267933, 'time_signature': 4}]"
Say Something,6Vc5wAMmXdKIAM7WUoEb7N,A Great Big World,"[{'danceability': 0.407, 'energy': 0.147, 'key': 2, 'loudness': -8.822, 'mode': 1, 'speechiness': 0.0355, 'acousticness': 0.857, 'instrumentalness': 2.89e-06, 'liveness': 0.0913, 'valence': 0.0765, 'tempo': 141.284, 'type': 'audio_features', 'id': '6Vc5wAMmXdKIAM7WUoEb7N', 'uri': 'spotify:track:6Vc5wAMmXdKIAM7WUoEb7N', 'track_href': 'https://api.spotify.com/v1/tracks/6Vc5wAMmXdKIAM7WUoEb7N', 'analysis_url': 'https://api.spotify.com/v1/audio-analysis/6Vc5wAMmXdKIAM7WUoEb7N', 'duration_ms': 229400, 'time_signature': 3}]"
Go Hard or Go Home,2QJnTfMpNG05KFf2E3gVIJ,Wiz Khalifa,"[{'danceability': 0.651, 'energy': 0.741, 'key': 4, 'loudness': -5.067, 'mode': 0, 'speechiness': 0.0408, 'acousticness': 0.00293, 'instrumentalness': 1.2e-05, 'liveness': 0.217, 'valence': 0.386, 'tempo': 168.02, 'type': 'audio_features', 'id': '2QJnTfMpNG05KFf2E3gVIJ', 'uri': 'spotify:track:2QJnTfMpNG05KFf2E3gVIJ', 'track_href': 'https://api.spotify.com/v1/tracks/2QJnTfMpNG05KFf2E3gVIJ', 'analysis_url': 'https://api.spotify.com/v1/audio-analysis/2QJnTfMpNG05KFf2E3gVIJ', 'duration_ms': 232773, 'time_signature': 4}]"
Läikkyy,1gou2U6ZcLKXLBC3MYVtEu,Arttu Lindeman,"[{'danceability': 0.669, 'energy': 0.846, 'key': 4, 'loudness': -3.976, 'mode': 0, 'speechiness': 0.156, 'acousticness': 0.15, 'instrumentalness': 0, 'liveness': 0.154, 'valence': 0.793, 'tempo': 150.014, 'type': 'audio_features', 'id': '1gou2U6ZcLKXLBC3MYVtEu', 'uri': 'spotify:track:1gou2U6ZcLKXLBC3MYVtEu', 'track_href': 'https://api.spotify.com/v1/tracks/1gou2U6ZcLKXLBC3MYVtEu', 'analysis_url': 'https://api.spotify.com/v1/audio-analysis/1gou2U6ZcLKXLBC3MYVtEu', 'duration_ms': 206200, 'time_signature': 4}]"
1972,4htrHrq1AB38vprDEha0hv,Anssi Kela,"[{'danceability': 0.542, 'energy': 0.644, 'key': 3, 'loudness': -6.196, 'mode': 1, 'speechiness': 0.0961, 'acousticness': 0.0219, 'instrumentalness': 0, 'liveness': 0.138, 'valence': 0.545, 'tempo': 153.972, 'type': 'audio_features', 'id': '4htrHrq1AB38vprDEha0hv', 'uri': 'spotify:track:4htrHrq1AB38vprDEha0hv', 'track_href': 'https://api.spotify.com/v1/tracks/4htrHrq1AB38vprDEha0hv', 'analysis_url': 'https://api.spotify.com/v1/audio-analysis/4htrHrq1AB38vprDEha0hv', 'duration_ms': 249560, 'time_signature': 4}]"
Toxic,26nr9XnFCYWxBTIP7HyWXg,Britney Spears,"[{'danceability': 0.774, 'energy': 0.839, 'key': 5, 'loudness': -3.948, 'mode': 0, 'speechiness': 0.114, 'acousticness': 0.027, 'instrumentalness': 0.0166, 'liveness': 0.252, 'valence': 0.923, 'tempo': 142.985, 'type': 'audio_features', 'id': '26nr9XnFCYWxBTIP7HyWXg', 'uri': 'spotify:track:26nr9XnFCYWxBTIP7HyWXg', 'track_href': 'https://api.spotify.com/v1/tracks/26nr9XnFCYWxBTIP7HyWXg', 'analysis_url': 'https://api.spotify.com/v1/audio-analysis/26nr9XnFCYWxBTIP7HyWXg', 'duration_ms': 198813, 'time_signature': 4}]"
Älä herätä mua unesta,02RaNOB5CIiXAhgvLE6Xp0,Mikael Gabriel,"[{'danceability': 0.656, 'energy': 0.675, 'key': 1, 'loudness': -7.455, 'mode': 1, 'speechiness': 0.0457, 'acousticness': 0.119, 'instrumentalness': 0, 'liveness': 0.0925, 'valence': 0.353, 'tempo': 126.889, 'type': 'audio_features', 'id': '02RaNOB5CIiXAhgvLE6Xp0', 'uri': 'spotify:track:02RaNOB5CIiXAhgvLE6Xp0', 'track_href': 'https://api.spotify.com/v1/tracks/02RaNOB5CIiXAhgvLE6Xp0', 'analysis_url': 'https://api.spotify.com/v1/audio-analysis/02RaNOB5CIiXAhgvLE6Xp0', 'duration_ms': 204573, 'time_signature': 4}]"
Spaceman,3PfG2rMOU9HglycfbIC4yM,Aste,"[{'danceability': 0.737, 'energy': 0.95, 'key': 6, 'loudness': -2.522, 'mode': 0, 'speechiness': 0.0611, 'acousticness': 0.017, 'instrumentalness': 0, 'liveness': 0.233, 'valence': 0.968, 'tempo': 127.0, 'type': 'audio_features', 'id': '3PfG2rMOU9HglycfbIC4yM', 'uri': 'spotify:track:3PfG2rMOU9HglycfbIC4yM', 'track_href': 'https://api.spotify.com/v1/tracks/3PfG2rMOU9HglycfbIC4yM', 'analysis_url': 'https://api.spotify.com/v1/audio-analysis/3PfG2rMOU9HglycfbIC4yM', 'duration_ms': 197453, 'time_signature': 4}]"
Only One,1ttYNQjND5nBtUnpNMlLQQ,Aste,"[{'danceability': 0.578, 'energy': 0.839, 'key': 2, 'loudness': -3.806, 'mode': 1, 'speechiness': 0.0755, 'acousticness': 0.000649, 'instrumentalness': 0, 'liveness': 0.0708, 'valence': 0.509, 'tempo': 121.995, 'type': 'audio_features', 'id': '1ttYNQjND5nBtUnpNMlLQQ', 'uri': 'spotify:track:1ttYNQjND5nBtUnpNMlLQQ', 'track_href': 'https://api.spotify.com/v1/tracks/1ttYNQjND5nBtUnpNMlLQQ', 'analysis_url': 'https://api.spotify.com/v1/audio-analysis/1ttYNQjND5nBtUnpNMlLQQ', 'duration_ms': 240280, 'time_signature': 4}]"
Come & Get It,5U2m76qAMdr3gXI0g6ptlG,Selena Gomez,"[{'danceability': 0.349, 'energy': 0.795, 'key': 7, 'loudness': -4.133, 'mode': 0, 'speechiness': 0.0758, 'acousticness': 0.0102, 'instrumentalness': 0.000138, 'liveness': 0.0812, 'valence': 0.542, 'tempo': 148.985, 'type': 'audio_features', 'id': '5U2m76qAMdr3gXI0g6ptlG', 'uri': 'spotify:track:5U2m76qAMdr3gXI0g6ptlG', 'track_href': 'https://api.spotify.com/v1/tracks/5U2m76qAMdr3gXI0g6ptlG', 'analysis_url': 'https://api.spotify.com/v1/audio-analysis/5U2m76qAMdr3gXI0g6ptlG', 'duration_ms': 231987, 'time_signature': 1}]"
Wherever I Go,7kUtJKGZzLNgIkq1Galkt0,OneRepublic,"[{'danceability': 0.543, 'energy': 0.691, 'key': 10, 'loudness': -6.403, 'mode': 0, 'speechiness': 0.0425, 'acousticness': 0.107, 'instrumentalness': 0, 'liveness': 0.218, 'valence': 0.335, 'tempo': 100.014, 'type': 'audio_features', 'id': '7kUtJKGZzLNgIkq1Galkt0', 'uri': 'spotify:track:7kUtJKGZzLNgIkq1Galkt0', 'track_href': 'https://api.spotify.com/v1/tracks/7kUtJKGZzLNgIkq1Galkt0', 'analysis_url': 'https://api.spotify.com/v1/audio-analysis/7kUtJKGZzLNgIkq1Galkt0', 'duration_ms': 170213, 'time_signature': 4}]"
Heatwave (feat. Akon),2KMJ5CoxY4ECG9TZyNWmpv,Robin Schulz,"[{'danceability': 0.702, 'energy': 0.82, 'key': 7, 'loudness': -4.323, 'mode': 0, 'speechiness': 0.063, 'acousticness': 0.196, 'instrumentalness': 0, 'liveness': 0.156, 'valence': 0.52, 'tempo': 107.936, 'type': 'audio_features', 'id': '2KMJ5CoxY4ECG9TZyNWmpv', 'uri': 'spotify:track:2KMJ5CoxY4ECG9TZyNWmpv', 'track_href': 'https://api.spotify.com/v1/tracks/2KMJ5CoxY4ECG9TZyNWmpv', 'analysis_url': 'https://api.spotify.com/v1/audio-analysis/2KMJ5CoxY4ECG9TZyNWmpv', 'duration_ms': 187126, 'time_signature': 4}]"
Hubba Bubba,2hQVEDz4hG8RGmzSPKTDrT,Teflon Brothers,"[{'danceability': 0.68, 'energy': 0.847, 'key': 11, 'loudness': -6.439, 'mode': 1, 'speechiness': 0.0353, 'acousticness': 0.000755, 'instrumentalness': 0, 'liveness': 0.159, 'valence': 0.792, 'tempo': 136.039, 'type': 'audio_features', 'id': '2hQVEDz4hG8RGmzSPKTDrT', 'uri': 'spotify:track:2hQVEDz4hG8RGmzSPKTDrT', 'track_href': 'https://api.spotify.com/v1/tracks/2hQVEDz4hG8RGmzSPKTDrT', 'analysis_url': 'https://api.spotify.com/v1/audio-analysis/2hQVEDz4hG8RGmzSPKTDrT', 'duration_ms': 207394, 'time_signature': 4}]"
I'm In Control,16NOHRm0OEjmg55OZAxVmV,AlunaGeorge,"[{'danceability': 0.734, 'energy': 0.847, 'key': 11, 'loudness': -3.713, 'mode': 0, 'speechiness': 0.0346, 'acousticness': 0.355, 'instrumentalness': 0.000144, 'liveness': 0.154, 'valence': 0.673, 'tempo': 104.013, 'type': 'audio_features', 'id': '16NOHRm0OEjmg55OZAxVmV', 'uri': 'spotify:track:16NOHRm0OEjmg55OZAxVmV', 'track_href': 'https://api.spotify.com/v1/tracks/16NOHRm0OEjmg55OZAxVmV', 'analysis_url': 'https://api.spotify.com/v1/audio-analysis/16NOHRm0OEjmg55OZAxVmV', 'duration_ms': 209425, 'time_signature': 4}]"
Arcade - Radio Edit,7FKjWBgGgCGYoRRDIhp4bR,Dimitri Vegas & Like Mike,"[{'danceability': 0.565, 'energy': 0.957, 'key': 3, 'loudness': -4.167, 'mode': 0, 'speechiness': 0.0723, 'acousticness': 0.00923, 'instrumentalness': 0.69, 'liveness': 0.293, 'valence': 0.175, 'tempo': 127.953, 'type': 'audio_features', 'id': '7FKjWBgGgCGYoRRDIhp4bR', 'uri': 'spotify:track:7FKjWBgGgCGYoRRDIhp4bR', 'track_href': 'https://api.spotify.com/v1/tracks/7FKjWBgGgCGYoRRDIhp4bR', 'analysis_url': 'https://api.spotify.com/v1/audio-analysis/7FKjWBgGgCGYoRRDIhp4bR', 'duration_ms': 225000, 'time_signature': 4}]"
She Doesn't Mind,4odiyU3myG29Ld0wurMfE8,Sean Paul,"[{'danceability': 0.718, 'energy': 0.776, 'key': 7, 'loudness': -5.208, 'mode': 0, 'speechiness': 0.0693, 'acousticness': 0.000624, 'instrumentalness': 5.3e-06, 'liveness': 0.207, 'valence': 0.622, 'tempo': 120.015, 'type': 'audio_features', 'id': '4odiyU3myG29Ld0wurMfE8', 'uri': 'spotify:track:4odiyU3myG29Ld0wurMfE8', 'track_href': 'https://api.spotify.com/v1/tracks/4odiyU3myG29Ld0wurMfE8', 'analysis_url': 'https://api.spotify.com/v1/audio-analysis/4odiyU3myG29Ld0wurMfE8', 'duration_ms': 227787, 'time_signature': 4}]"
Satellites - Radio Edit,3peFUAm5l0kWIJXy7Q8GYP,Bobby Burns,"[{'danceability': 0.535, 'energy': 0.829, 'key': 4, 'loudness': -4.371, 'mode': 1, 'speechiness': 0.0613, 'acousticness': 0.0713, 'instrumentalness': 2.7e-05, 'liveness': 0.146, 'valence': 0.573, 'tempo': 127.952, 'type': 'audio_features', 'id': '3peFUAm5l0kWIJXy7Q8GYP', 'uri': 'spotify:track:3peFUAm5l0kWIJXy7Q8GYP', 'track_href': 'https://api.spotify.com/v1/tracks/3peFUAm5l0kWIJXy7Q8GYP', 'analysis_url': 'https://api.spotify.com/v1/audio-analysis/3peFUAm5l0kWIJXy7Q8GYP', 'duration_ms': 232519, 'time_signature': 4}]"
Calling (Lose My Mind) - Radio Edit,34NNeV9jfgNgaALgUr0u9V,Sebastian Ingrosso,"[{'danceability': 0.416, 'energy': 0.849, 'key': 1, 'loudness': -4.909, 'mode': 0, 'speechiness': 0.0455, 'acousticness': 0.00864, 'instrumentalness': 0.000138, 'liveness': 0.204, 'valence': 0.147, 'tempo': 125.098, 'type': 'audio_features', 'id': '34NNeV9jfgNgaALgUr0u9V', 'uri': 'spotify:track:34NNeV9jfgNgaALgUr0u9V', 'track_href': 'https://api.spotify.com/v1/tracks/34NNeV9jfgNgaALgUr0u9V', 'analysis_url': 'https://api.spotify.com/v1/audio-analysis/34NNeV9jfgNgaALgUr0u9V', 'duration_ms': 205440, 'time_signature': 4}]"
I Just Had Sex,1OmxpKVSvn0LGcM3SQS4OV,The Lonely Island,"[{'danceability': 0.621, 'energy': 0.802, 'key': 6, 'loudness': -4.735, 'mode': 1, 'speechiness': 0.118, 'acousticness': 0.0235, 'instrumentalness': 0, 'liveness': 0.108, 'valence': 0.819, 'tempo': 167.976, 'type': 'audio_features', 'id': '1OmxpKVSvn0LGcM3SQS4OV', 'uri': 'spotify:track:1OmxpKVSvn0LGcM3SQS4OV', 'track_href': 'https://api.spotify.com/v1/tracks/1OmxpKVSvn0LGcM3SQS4OV', 'analysis_url': 'https://api.spotify.com/v1/audio-analysis/1OmxpKVSvn0LGcM3SQS4OV', 'duration_ms': 168200, 'time_signature': 4}]"
Angels Unite (Radio Edit),3UFoVEy7B2yqUMB21yyJm2,Scarlet,"[{'danceability': 0.529, 'energy': 0.876, 'key': 5, 'loudness': -5.649, 'mode': 1, 'speechiness': 0.0337, 'acousticness': 0.00102, 'instrumentalness': 1.92e-05, 'liveness': 0.353, 'valence': 0.282, 'tempo': 144.998, 'type': 'audio_features', 'id': '3UFoVEy7B2yqUMB21yyJm2', 'uri': 'spotify:track:3UFoVEy7B2yqUMB21yyJm2', 'track_href': 'https://api.spotify.com/v1/tracks/3UFoVEy7B2yqUMB21yyJm2', 'analysis_url': 'https://api.spotify.com/v1/audio-analysis/3UFoVEy7B2yqUMB21yyJm2', 'duration_ms': 216566, 'time_signature': 4}]"
Gypsy Drop - Radio Edit,11xsm79HwpWV1C1lMXoVo9,Filip Jenven,"[{'danceability': 0.797, 'energy': 0.962, 'key': 1, 'loudness': -4.239, 'mode': 1, 'speechiness': 0.0906, 'acousticness': 0.000359, 'instrumentalness': 0.767, 'liveness': 0.0454, 'valence': 0.422, 'tempo': 128.047, 'type': 'audio_features', 'id': '11xsm79HwpWV1C1lMXoVo9', 'uri': 'spotify:track:11xsm79HwpWV1C1lMXoVo9', 'track_href': 'https://api.spotify.com/v1/tracks/11xsm79HwpWV1C1lMXoVo9', 'analysis_url': 'https://api.spotify.com/v1/audio-analysis/11xsm79HwpWV1C1lMXoVo9', 'duration_ms': 180502, 'time_signature': 4}]"
Bigroom Blitz - Radio Mix,1Xcww2gldd5hN6WvGBsbFT,Scooter,"[{'danceability': 0.713, 'energy': 0.909, 'key': 3, 'loudness': -4.274, 'mode': 1, 'speechiness': 0.0306, 'acousticness': 0.00303, 'instrumentalness': 0.000706, 'liveness': 0.699, 'valence': 0.438, 'tempo': 132.022, 'type': 'audio_features', 'id': '1Xcww2gldd5hN6WvGBsbFT', 'uri': 'spotify:track:1Xcww2gldd5hN6WvGBsbFT', 'track_href': 'https://api.spotify.com/v1/tracks/1Xcww2gldd5hN6WvGBsbFT', 'analysis_url': 'https://api.spotify.com/v1/audio-analysis/1Xcww2gldd5hN6WvGBsbFT', 'duration_ms': 187273, 'time_signature': 4}]"
Satisfied (feat. VASSY) - Original Mix,6LU68pNqUguPOsjPIaJwo6,Showtek,"[{'danceability': 0.611, 'energy': 0.941, 'key': 0, 'loudness': -1.958, 'mode': 1, 'speechiness': 0.0491, 'acousticness': 0.00326, 'instrumentalness': 0.0205, 'liveness': 0.345, 'valence': 0.589, 'tempo': 128.002, 'type': 'audio_features', 'id': '6LU68pNqUguPOsjPIaJwo6', 'uri': 'spotify:track:6LU68pNqUguPOsjPIaJwo6', 'track_href': 'https://api.spotify.com/v1/tracks/6LU68pNqUguPOsjPIaJwo6', 'analysis_url': 'https://api.spotify.com/v1/audio-analysis/6LU68pNqUguPOsjPIaJwo6', 'duration_ms': 258743, 'time_signature': 4}]"
Gold Skies - Original Mix,4zXQSm5XIkcn5qtmtbwO9O,Sander van Doorn,"[{'danceability': 0.564, 'energy': 0.823, 'key': 9, 'loudness': -6.316, 'mode': 0, 'speechiness': 0.046, 'acousticness': 0.00406, 'instrumentalness': 0.0716, 'liveness': 0.684, 'valence': 0.221, 'tempo': 128.018, 'type': 'audio_features', 'id': '4zXQSm5XIkcn5qtmtbwO9O', 'uri': 'spotify:track:4zXQSm5XIkcn5qtmtbwO9O', 'track_href': 'https://api.spotify.com/v1/tracks/4zXQSm5XIkcn5qtmtbwO9O', 'analysis_url': 'https://api.spotify.com/v1/audio-analysis/4zXQSm5XIkcn5qtmtbwO9O', 'duration_ms': 329067, 'time_signature': 4}]"
Love Louder - Style Of Eye Remix,2WEiz65hkQPlThgncVH34T,John Martin,"[{'danceability': 0.56, 'energy': 0.854, 'key': 1, 'loudness': -4.878, 'mode': 1, 'speechiness': 0.0669, 'acousticness': 0.00901, 'instrumentalness': 1.07e-06, 'liveness': 0.506, 'valence': 0.274, 'tempo': 126.001, 'type': 'audio_features', 'id': '2WEiz65hkQPlThgncVH34T', 'uri': 'spotify:track:2WEiz65hkQPlThgncVH34T', 'track_href': 'https://api.spotify.com/v1/tracks/2WEiz65hkQPlThgncVH34T', 'analysis_url': 'https://api.spotify.com/v1/audio-analysis/2WEiz65hkQPlThgncVH34T', 'duration_ms': 373650, 'time_signature': 4}]"
Forbidden Voices,2BF1X5nkYYSb0AUTRaGkDm,Martin Garrix,"[{'danceability': 0.534, 'energy': 0.711, 'key': 10, 'loudness': -5.927, 'mode': 0, 'speechiness': 0.0368, 'acousticness': 0.05, 'instrumentalness': 0.0031, 'liveness': 0.135, 'valence': 0.3, 'tempo': 128.102, 'type': 'audio_features', 'id': '2BF1X5nkYYSb0AUTRaGkDm', 'uri': 'spotify:track:2BF1X5nkYYSb0AUTRaGkDm', 'track_href': 'https://api.spotify.com/v1/tracks/2BF1X5nkYYSb0AUTRaGkDm', 'analysis_url': 'https://api.spotify.com/v1/audio-analysis/2BF1X5nkYYSb0AUTRaGkDm', 'duration_ms': 230635, 'time_signature': 4}]"
Salsa Tequila,4WRjqQ6sx5qIcddaIxNTfF,Anders Nilsen,"[{'danceability': 0.661, 'energy': 0.906, 'key': 6, 'loudness': -3.352, 'mode': 1, 'speechiness': 0.125, 'acousticness': 0.131, 'instrumentalness': 4.1e-05, 'liveness': 0.0743, 'valence': 0.638, 'tempo': 127.966, 'type': 'audio_features', 'id': '4WRjqQ6sx5qIcddaIxNTfF', 'uri': 'spotify:track:4WRjqQ6sx5qIcddaIxNTfF', 'track_href': 'https://api.spotify.com/v1/tracks/4WRjqQ6sx5qIcddaIxNTfF', 'analysis_url': 'https://api.spotify.com/v1/audio-analysis/4WRjqQ6sx5qIcddaIxNTfF', 'duration_ms': 199805, 'time_signature': 4}]"
All I Ever Wanted - Radio Edit,3uoqlATyV5IWOhy0LBF7k1,Basshunter,"[{'danceability': 0.645, 'energy': 0.984, 'key': 4, 'loudness': -7.051, 'mode': 1, 'speechiness': 0.0508, 'acousticness': 0.164, 'instrumentalness': 0.00701, 'liveness': 0.164, 'valence': 0.553, 'tempo': 144.954, 'type': 'audio_features', 'id': '3uoqlATyV5IWOhy0LBF7k1', 'uri': 'spotify:track:3uoqlATyV5IWOhy0LBF7k1', 'track_href': 'https://api.spotify.com/v1/tracks/3uoqlATyV5IWOhy0LBF7k1', 'analysis_url': 'https://api.spotify.com/v1/audio-analysis/3uoqlATyV5IWOhy0LBF7k1', 'duration_ms': 176453, 'time_signature': 4}]"
Memories (feat. Kid Cudi),4iMu9le3ytNO3tvgVpQANx,David Guetta,"[{'danceability': 0.561, 'energy': 0.87, 'key': 8, 'loudness': -6.103, 'mode': 1, 'speechiness': 0.343, 'acousticness': 0.0015, 'instrumentalness': 2.82e-06, 'liveness': 0.246, 'valence': 0.498, 'tempo': 129.98, 'type': 'audio_features', 'id': '4iMu9le3ytNO3tvgVpQANx', 'uri': 'spotify:track:4iMu9le3ytNO3tvgVpQANx', 'track_href': 'https://api.spotify.com/v1/tracks/4iMu9le3ytNO3tvgVpQANx', 'analysis_url': 'https://api.spotify.com/v1/audio-analysis/4iMu9le3ytNO3tvgVpQANx', 'duration_ms': 210093, 'time_signature': 4}]"
Trumpsta (Djuro Remix) [feat. Treyy G],3YcXXjmC9cM5Y2x3jUps0p,Contiez,"[{'danceability': 0.973, 'energy': 0.587, 'key': 1, 'loudness': -7.014, 'mode': 1, 'speechiness': 0.242, 'acousticness': 0.00207, 'instrumentalness': 0.38, 'liveness': 0.257, 'valence': 0.195, 'tempo': 128.0, 'type': 'audio_features', 'id': '3YcXXjmC9cM5Y2x3jUps0p', 'uri': 'spotify:track:3YcXXjmC9cM5Y2x3jUps0p', 'track_href': 'https://api.spotify.com/v1/tracks/3YcXXjmC9cM5Y2x3jUps0p', 'analysis_url': 'https://api.spotify.com/v1/audio-analysis/3YcXXjmC9cM5Y2x3jUps0p', 'duration_ms': 258507, 'time_signature': 4}]"
Moonlight Shadow,6T9vhWadqtG3J3jfYf8kcI,ItaloBrothers,"[{'danceability': 0.577, 'energy': 0.952, 'key': 0, 'loudness': -5.172, 'mode': 1, 'speechiness': 0.0404, 'acousticness': 0.0529, 'instrumentalness': 0.00603, 'liveness': 0.31, 'valence': 0.808, 'tempo': 150.02, 'type': 'audio_features', 'id': '6T9vhWadqtG3J3jfYf8kcI', 'uri': 'spotify:track:6T9vhWadqtG3J3jfYf8kcI', 'track_href': 'https://api.spotify.com/v1/tracks/6T9vhWadqtG3J3jfYf8kcI', 'analysis_url': 'https://api.spotify.com/v1/audio-analysis/6T9vhWadqtG3J3jfYf8kcI', 'duration_ms': 186880, 'time_signature': 4}]"
Colours Of The Rainbow,4fWcyB6ik13xv6QFmORi0H,ItaloBrothers,"[{'danceability': 0.616, 'energy': 0.946, 'key': 0, 'loudness': -6.392, 'mode': 0, 'speechiness': 0.059, 'acousticness': 0.00341, 'instrumentalness': 0.000188, 'liveness': 0.168, 'valence': 0.744, 'tempo': 140.045, 'type': 'audio_features', 'id': '4fWcyB6ik13xv6QFmORi0H', 'uri': 'spotify:track:4fWcyB6ik13xv6QFmORi0H', 'track_href': 'https://api.spotify.com/v1/tracks/4fWcyB6ik13xv6QFmORi0H', 'analysis_url': 'https://api.spotify.com/v1/audio-analysis/4fWcyB6ik13xv6QFmORi0H', 'duration_ms': 210240, 'time_signature': 4}]"
Honey,6d0eTPJ3JZTwOAwLdl0hOJ,Evelina,"[{'danceability': 0.68, 'energy': 0.633, 'key': 3, 'loudness': -5.236, 'mode': 0, 'speechiness': 0.0344, 'acousticness': 0.0773, 'instrumentalness': 1.57e-06, 'liveness': 0.183, 'valence': 0.501, 'tempo': 149.922, 'type': 'audio_features', 'id': '6d0eTPJ3JZTwOAwLdl0hOJ', 'uri': 'spotify:track:6d0eTPJ3JZTwOAwLdl0hOJ', 'track_href': 'https://api.spotify.com/v1/tracks/6d0eTPJ3JZTwOAwLdl0hOJ', 'analysis_url': 'https://api.spotify.com/v1/audio-analysis/6d0eTPJ3JZTwOAwLdl0hOJ', 'duration_ms': 221633, 'time_signature': 4}]"
Pämppää,6xQjgKUjjKgLDfOibSRyRM,Teflon Brothers,"[{'danceability': 0.8, 'energy': 0.887, 'key': 9, 'loudness': -5.038, 'mode': 1, 'speechiness': 0.0632, 'acousticness': 0.113, 'instrumentalness': 0, 'liveness': 0.154, 'valence': 0.526, 'tempo': 109.988, 'type': 'audio_features', 'id': '6xQjgKUjjKgLDfOibSRyRM', 'uri': 'spotify:track:6xQjgKUjjKgLDfOibSRyRM', 'track_href': 'https://api.spotify.com/v1/tracks/6xQjgKUjjKgLDfOibSRyRM', 'analysis_url': 'https://api.spotify.com/v1/audio-analysis/6xQjgKUjjKgLDfOibSRyRM', 'duration_ms': 191991, 'time_signature': 4}]"
Viva La Vida,1mea3bSkSGXuIRvnydlB5b,Coldplay,"[{'danceability': 0.486, 'energy': 0.617, 'key': 5, 'loudness': -7.115, 'mode': 0, 'speechiness': 0.0287, 'acousticness': 0.0954, 'instrumentalness': 3.23e-06, 'liveness': 0.109, 'valence': 0.417, 'tempo': 138.015, 'type': 'audio_features', 'id': '1mea3bSkSGXuIRvnydlB5b', 'uri': 'spotify:track:1mea3bSkSGXuIRvnydlB5b', 'track_href': 'https://api.spotify.com/v1/tracks/1mea3bSkSGXuIRvnydlB5b', 'analysis_url': 'https://api.spotify.com/v1/audio-analysis/1mea3bSkSGXuIRvnydlB5b', 'duration_ms': 242373, 'time_signature': 4}]"
If I Lose Myself,0ett0qCHbl0vdSRFhRSkMc,OneRepublic,"[{'danceability': 0.485, 'energy': 0.699, 'key': 2, 'loudness': -6.017, 'mode': 1, 'speechiness': 0.0479, 'acousticness': 0.096, 'instrumentalness': 0, 'liveness': 0.109, 'valence': 0.242, 'tempo': 140.096, 'type': 'audio_features', 'id': '0ett0qCHbl0vdSRFhRSkMc', 'uri': 'spotify:track:0ett0qCHbl0vdSRFhRSkMc', 'track_href': 'https://api.spotify.com/v1/tracks/0ett0qCHbl0vdSRFhRSkMc', 'analysis_url': 'https://api.spotify.com/v1/audio-analysis/0ett0qCHbl0vdSRFhRSkMc', 'duration_ms': 241560, 'time_signature': 4}]"
In2,3WEmAizxrtQwXEJQRwCrK1,WSTRN,"[{'danceability': 0.553, 'energy': 0.662, 'key': 8, 'loudness': -6.454, 'mode': 0, 'speechiness': 0.129, 'acousticness': 0.342, 'instrumentalness': 0, 'liveness': 0.141, 'valence': 0.561, 'tempo': 98.368, 'type': 'audio_features', 'id': '3WEmAizxrtQwXEJQRwCrK1', 'uri': 'spotify:track:3WEmAizxrtQwXEJQRwCrK1', 'track_href': 'https://api.spotify.com/v1/tracks/3WEmAizxrtQwXEJQRwCrK1', 'analysis_url': 'https://api.spotify.com/v1/audio-analysis/3WEmAizxrtQwXEJQRwCrK1', 'duration_ms': 242121, 'time_signature': 4}]"
Somebody to Die For,0GDz2tPdh6FbxJxM75SQB4,Hurts,"[{'danceability': 0.426, 'energy': 0.599, 'key': 11, 'loudness': -7.737, 'mode': 1, 'speechiness': 0.0282, 'acousticness': 0.0198, 'instrumentalness': 0.00142, 'liveness': 0.366, 'valence': 0.102, 'tempo': 91.995, 'type': 'audio_features', 'id': '0GDz2tPdh6FbxJxM75SQB4', 'uri': 'spotify:track:0GDz2tPdh6FbxJxM75SQB4', 'track_href': 'https://api.spotify.com/v1/tracks/0GDz2tPdh6FbxJxM75SQB4', 'analysis_url': 'https://api.spotify.com/v1/audio-analysis/0GDz2tPdh6FbxJxM75SQB4', 'duration_ms': 275547, 'time_signature': 4}]"
Jai Ho! (You Are My Destiny),1domCrjxwdTsPWqVn2Ivc0,A.R. Rahman,"[{'danceability': 0.66, 'energy': 0.936, 'key': 11, 'loudness': -3.931, 'mode': 1, 'speechiness': 0.0624, 'acousticness': 0.0531, 'instrumentalness': 2.46e-06, 'liveness': 0.082, 'valence': 0.908, 'tempo': 136.19, 'type': 'audio_features', 'id': '1domCrjxwdTsPWqVn2Ivc0', 'uri': 'spotify:track:1domCrjxwdTsPWqVn2Ivc0', 'track_href': 'https://api.spotify.com/v1/tracks/1domCrjxwdTsPWqVn2Ivc0', 'analysis_url': 'https://api.spotify.com/v1/audio-analysis/1domCrjxwdTsPWqVn2Ivc0', 'duration_ms': 222413, 'time_signature': 4}]"
Don't Hold Your Breath,7pAq1IXYZpL42HchCminu6,Nicole Scherzinger,"[{'danceability': 0.66, 'energy': 0.797, 'key': 5, 'loudness': -6.096, 'mode': 0, 'speechiness': 0.0262, 'acousticness': 0.00646, 'instrumentalness': 0.000108, 'liveness': 0.187, 'valence': 0.674, 'tempo': 110.955, 'type': 'audio_features', 'id': '7pAq1IXYZpL42HchCminu6', 'uri': 'spotify:track:7pAq1IXYZpL42HchCminu6', 'track_href': 'https://api.spotify.com/v1/tracks/7pAq1IXYZpL42HchCminu6', 'analysis_url': 'https://api.spotify.com/v1/audio-analysis/7pAq1IXYZpL42HchCminu6', 'duration_ms': 197440, 'time_signature': 4}]"
When I Grow Up,7hFXQCDPgHhZQrC3vSM1o4,The Pussycat Dolls,"[{'danceability': 0.686, 'energy': 0.681, 'key': 11, 'loudness': -5.761, 'mode': 0, 'speechiness': 0.0471, 'acousticness': 0.00185, 'instrumentalness': 0, 'liveness': 0.395, 'valence': 0.366, 'tempo': 118.472, 'type': 'audio_features', 'id': '7hFXQCDPgHhZQrC3vSM1o4', 'uri': 'spotify:track:7hFXQCDPgHhZQrC3vSM1o4', 'track_href': 'https://api.spotify.com/v1/tracks/7hFXQCDPgHhZQrC3vSM1o4', 'analysis_url': 'https://api.spotify.com/v1/audio-analysis/7hFXQCDPgHhZQrC3vSM1o4', 'duration_ms': 245680, 'time_signature': 4}]"
I Gotta Feeling,4vp2J1l5RD4gMZwGFLfRAu,Black Eyed Peas,"[{'danceability': 0.743, 'energy': 0.766, 'key': 0, 'loudness': -6.375, 'mode': 1, 'speechiness': 0.0265, 'acousticness': 0.0873, 'instrumentalness': 0, 'liveness': 0.509, 'valence': 0.61, 'tempo': 127.96, 'type': 'audio_features', 'id': '4vp2J1l5RD4gMZwGFLfRAu', 'uri': 'spotify:track:4vp2J1l5RD4gMZwGFLfRAu', 'track_href': 'https://api.spotify.com/v1/tracks/4vp2J1l5RD4gMZwGFLfRAu', 'analysis_url': 'https://api.spotify.com/v1/audio-analysis/4vp2J1l5RD4gMZwGFLfRAu', 'duration_ms': 289133, 'time_signature': 4}]"
Halo,4JehYebiI9JE8sR8MisGVb,Beyoncé,"[{'danceability': 0.508, 'energy': 0.72, 'key': 11, 'loudness': -5.908, 'mode': 0, 'speechiness': 0.0628, 'acousticness': 0.272, 'instrumentalness': 0, 'liveness': 0.0563, 'valence': 0.472, 'tempo': 79.983, 'type': 'audio_features', 'id': '4JehYebiI9JE8sR8MisGVb', 'uri': 'spotify:track:4JehYebiI9JE8sR8MisGVb', 'track_href': 'https://api.spotify.com/v1/tracks/4JehYebiI9JE8sR8MisGVb', 'analysis_url': 'https://api.spotify.com/v1/audio-analysis/4JehYebiI9JE8sR8MisGVb', 'duration_ms': 261640, 'time_signature': 4}]"
Cry Me a River,7Lf7oSEVdzZqTA0kEDSlS5,Justin Timberlake,"[{'danceability': 0.624, 'energy': 0.654, 'key': 8, 'loudness': -6.582, 'mode': 0, 'speechiness': 0.183, 'acousticness': 0.577, 'instrumentalness': 0, 'liveness': 0.104, 'valence': 0.564, 'tempo': 73.898, 'type': 'audio_features', 'id': '7Lf7oSEVdzZqTA0kEDSlS5', 'uri': 'spotify:track:7Lf7oSEVdzZqTA0kEDSlS5', 'track_href': 'https://api.spotify.com/v1/tracks/7Lf7oSEVdzZqTA0kEDSlS5', 'analysis_url': 'https://api.spotify.com/v1/audio-analysis/7Lf7oSEVdzZqTA0kEDSlS5', 'duration_ms': 288333, 'time_signature': 4}]"
"You're Gonna Go Far, Kid",1FMm3wG5WOhi7js35KR7Ea,The Offspring,"[{'danceability': 0.55, 'energy': 0.918, 'key': 9, 'loudness': -3.159, 'mode': 0, 'speechiness': 0.0682, 'acousticness': 0.00466, 'instrumentalness': 0, 'liveness': 0.206, 'valence': 0.563, 'tempo': 126.083, 'type': 'audio_features', 'id': '1FMm3wG5WOhi7js35KR7Ea', 'uri': 'spotify:track:1FMm3wG5WOhi7js35KR7Ea', 'track_href': 'https://api.spotify.com/v1/tracks/1FMm3wG5WOhi7js35KR7Ea', 'analysis_url': 'https://api.spotify.com/v1/audio-analysis/1FMm3wG5WOhi7js35KR7Ea', 'duration_ms': 177827, 'time_signature': 4}]"
So What,6qYGUxPjQt5PJtWdiNppZx,P!nk,"[{'danceability': 0.535, 'energy': 0.887, 'key': 11, 'loudness': -3.106, 'mode': 1, 'speechiness': 0.0449, 'acousticness': 0.000304, 'instrumentalness': 2.23e-06, 'liveness': 0.257, 'valence': 0.445, 'tempo': 126.01, 'type': 'audio_features', 'id': '6qYGUxPjQt5PJtWdiNppZx', 'uri': 'spotify:track:6qYGUxPjQt5PJtWdiNppZx', 'track_href': 'https://api.spotify.com/v1/tracks/6qYGUxPjQt5PJtWdiNppZx', 'analysis_url': 'https://api.spotify.com/v1/audio-analysis/6qYGUxPjQt5PJtWdiNppZx', 'duration_ms': 215160, 'time_signature': 4}]"
"Whenever, Wherever",0RJWhctsc1G1Hg3Ov2th7x,Shakira,"[{'danceability': 0.793, 'energy': 0.831, 'key': 1, 'loudness': -4.861, 'mode': 0, 'speechiness': 0.0405, 'acousticness': 0.264, 'instrumentalness': 7.03e-06, 'liveness': 0.207, 'valence': 0.865, 'tempo': 107.645, 'type': 'audio_features', 'id': '0RJWhctsc1G1Hg3Ov2th7x', 'uri': 'spotify:track:0RJWhctsc1G1Hg3Ov2th7x', 'track_href': 'https://api.spotify.com/v1/tracks/0RJWhctsc1G1Hg3Ov2th7x', 'analysis_url': 'https://api.spotify.com/v1/audio-analysis/0RJWhctsc1G1Hg3Ov2th7x', 'duration_ms': 197027, 'time_signature': 4}]"
